customer_id,first_name,last_name,email,address,phone
1,Kyle,Lane,jerry77@example.com,"Unit 0122 Box 6030, DPO AA 95687",(224)392-8989
2,Tracey,Hernandez,kellyallen@example.com,"43391 Pacheco Lakes, Millerhaven, SD 13106",8088112658
3,Amy,Franco,matthewcook@example.com,"USCGC Johnson, FPO AA 69801",(913)268-1860
4,Ronald,Rodriguez,rileykayla@example.net,"56723 Travis Wall, North Mark, KS 62895",001-451-834-5388x28540
5,Tony,Harris,lori38@example.org,"10871 Angela Villages, South James, OK 83492",(886)488-4042x95576
6,Brenda,Cunningham,sandersmichelle@example.org,"100 Kimberly Extensions Suite 029, Cliffordburgh, SC 88183",(332)874-1993
7,Margaret,Tyler,adambaker@example.org,"2389 Jean Passage, New Justin, CO 09709",+1-678-534-3267x10192
8,Thomas,Reyes,frankherman@example.org,"778 Rowe Spurs Suite 380, Port Roy, FM 00996",+1-875-509-8618x7983
9,Megan,Clark,ramirezkatherine@example.net,"55892 Hinton Ways, Lake Andreamouth, AS 14426",001-633-207-1273x2349
10,Anna,Wilson,russellserrano@example.net,"598 Smith Plain, Stephensonmouth, NV 84504",304-301-1885x50729
11,Amy,Garrett,mcbridemarcus@example.net,"58218 Robert Expressway Apt. 028, New Teresaview, CT 49358",276-882-7723x355
12,Olivia,Pierce,audrey44@example.com,"600 Lauren Pines, Lake Ann, ID 19830",+1-538-721-4546
13,Jeremy,Harrison,michelle54@example.com,"USNS Duke, FPO AP 86313",001-745-816-8745x845
14,Patrick,Green,dbridges@example.net,"231 Price Trail Apt. 241, Jenniferton, PW 36675",5556782554
15,Joshua,Floyd,mrusso@example.com,"0189 Howard Hill, Schneiderbury, MT 19784",(331)910-7122x8890
16,Jacob,Rodriguez,baileydylan@example.org,"6362 Robert Mount Suite 960, Port Andrew, SC 74316",276-825-8179x971
17,Philip,Jackson,selena26@example.com,"6459 Clark Parkway, Lynnside, WA 01862",001-294-744-3040x3875
18,Robert,Riddle,jeffrey11@example.net,"3089 Richard Mount Suite 578, Hawkinsfort, MT 35172",819-304-2562x37354
19,Jordan,Pearson,plamb@example.com,"84413 Ray Manor Apt. 067, North Annetteborough, IA 89699",+1-337-544-5638x268
20,Heather,Wise,angiesingh@example.org,"6120 Robert Centers Suite 290, South Marc, MT 20355",001-652-490-2727x1002
21,Kelsey,Fowler,msmith@example.net,"6984 Robinson Manor, South Scott, MN 70625",(534)796-0272x93602
22,Frank,Vaughn,robersonwendy@example.org,"USCGC Foster, FPO AA 30534",390.770.5921x3244
23,Steven,Rodgers,william58@example.com,"075 Ramos Corners, Pacestad, AZ 02324",+1-448-637-8300
24,Cynthia,Moore,phillip17@example.net,"2307 Sanford Throughway, Leslieshire, ID 31309",+1-294-932-9698x192
25,Sandra,Rios,joshuablack@example.org,"59341 Cindy Village, Valenzuelahaven, ND 82332",918.688.8583x69623
26,Anthony,Morris,wstone@example.org,"613 Williams Tunnel Apt. 423, Ericaborough, AR 07095",953.807.4672x25550
27,Melvin,Peterson,edwardevans@example.net,"931 Tonya Grove Apt. 466, South Matthew, VI 46003",+1-776-426-8896x14897
28,Cathy,Savage,donna07@example.org,"2697 Mark Spring Apt. 160, New Derekbury, TX 46183",567.663.9257x72815
29,Tina,Stephens,patrick39@example.net,"6532 Griffin Island Suite 007, Jamesshire, AZ 92654",(594)542-6719x9661
30,Jack,Baxter,zacharyvance@example.net,"764 Suzanne Forges Apt. 963, North Kimberlyberg, IA 02843",353-315-5099x713
